IP Address,Subnet
51.89.202.111,255.255.255.255
128.199.196.160,255.255.255.255
45.77.37.68,255.255.255.255
45.61.136.39,255.255.255.255
23.235.147.108,255.255.255.255
104.21.39.200,255.255.255.255
104.21.57.250,255.255.255.255
194.195.223.249,255.255.255.255
149.28.133.197,255.255.255.255
167.179.79.234,255.255.255.255
104.248.72.247,255.255.255.255
172.105.229.220,255.255.255.255
207.148.110.212,255.255.255.255
167.99.172.78,255.255.255.255
13.208.181.170,255.255.255.255
164.68.107.166,255.255.255.255
194.87.94.14,255.255.255.255
185.90.61.69,255.255.255.255
177.190.76.82,255.255.255.255
129.205.210.90,255.255.255.255
91.200.103.242,255.255.255.255
114.7.243.26,255.255.255.255
45.221.8.171,255.255.255.255
123.231.149.122,255.255.255.255
103.75.32.173,255.255.255.255
175.184.232.234,255.255.255.255
62.108.35.103,255.255.255.255
190.152.215.233,255.255.255.255
196.41.57.46,255.255.255.255
190.152.2.86,255.255.255.255
51.89.202.111,255.255.255.255
41.77.134.250,255.255.255.255
1.248.122.240,255.255.255.255
110.14.121.123,255.255.255.255
110.14.121.125,255.255.255.255
119.81.76.188,255.255.255.255
139.59.107.152,255.255.255.255
161.202.151.55,255.255.255.255
169.56.146.57,255.255.255.255
169.56.146.59,255.255.255.255
175.119.10.231,255.255.255.255
222.236.49.124,255.255.255.255
3.126.205.164,255.255.255.255
3.126.57.221,255.255.255.255
52.221.92.67,255.255.255.255
83.218.160.14,255.255.255.255
87.106.18.141,255.255.255.255
91.228.166.47,255.255.255.255
91.228.167.128,255.255.255.255
95.216.124.73,255.255.255.255
99.81.95.247,255.255.255.255
